device,backend,kernel,regime,M,N,mean,median,std,min,max
NVIDIA GeForce RTX 3080,wgsl,row,square,4096,4096,0.2596794659621082,0.2540104997024173,0.07137528216016031,0.2494369982741773,1.9396060015424155
NVIDIA GeForce RTX 3080,wgsl,strip,square,4096,4096,0.2936303680035053,0.28859150006610435,0.07056700615274739,0.27681899882736616,1.9767969970416743
NVIDIA GeForce RTX 3080,wgsl,fat,square,4096,4096,0.3705106880624953,0.3592764987843111,0.1174417000394288,0.30169599995133467,2.409314998658374
NVIDIA GeForce RTX 3080,torch-cpu,,square,4096,4096,1.2762075169594027,1.261970997802564,0.0868127598180822,1.1706769982993137,1.754122000420466
NVIDIA GeForce RTX 3080,torch-cuda,,square,4096,4096,0.10847295998974005,0.10821700016094837,0.0014686921646358663,0.10648299939930439,0.12186200183350593
NVIDIA GeForce RTX 3080,wgsl,row,tall,262144,32,0.38480640302441316,0.3715650018421002,0.07050827276219213,0.35203299921704456,2.0036679998156615
NVIDIA GeForce RTX 3080,wgsl,strip,tall,262144,32,0.3047624209575588,0.29622100191772915,0.06730712032226698,0.28817100246669725,1.8987479998031631
NVIDIA GeForce RTX 3080,torch-cpu,,tall,262144,32,1.2575291720386303,1.2449284986359999,0.08914915335288827,1.0891210004047025,1.6861219992279075
NVIDIA GeForce RTX 3080,torch-cuda,,tall,262144,32,0.061686320059379796,0.06107700028223917,0.007932525073621128,0.05974399755359627,0.3047320024052169
NVIDIA GeForce RTX 3080,wgsl,row,fat,128,65536,0.7061580540976138,0.6996970005275216,0.06143095299559008,0.6855400024505798,2.3412730006384663
NVIDIA GeForce RTX 3080,wgsl,strip,fat,128,65536,2.9495857949841593,2.9425275006360607,0.06418961760764655,2.9107410009601153,4.7300289988925215
NVIDIA GeForce RTX 3080,wgsl,fat,fat,128,65536,0.264644991082605,0.27004099865735043,0.10939494198616806,0.21639400074491277,2.016614002059214
NVIDIA GeForce RTX 3080,torch-cpu,,fat,128,65536,0.5072082770202542,0.4987779993825825,0.03148520283421181,0.45942799988551997,0.6610439995711204
NVIDIA GeForce RTX 3080,torch-cuda,,fat,128,65536,0.06592805308901006,0.06571549965883605,0.0022573108153844165,0.06387200119206682,0.12558999878820032
NVIDIA GeForce RTX 3080,wgsl,row,small,1024,1024,0.07520890099840472,0.07173699850682169,0.07014866253188946,0.06936199861229397,1.644423002289841
NVIDIA GeForce RTX 3080,wgsl,strip,small,1024,1024,0.09984035192974261,0.09262700223189313,0.07133862730577288,0.08959100159700029,1.700518998404732
NVIDIA GeForce RTX 3080,wgsl,fat,small,1024,1024,0.1492889270048181,0.14046349861018825,0.09775654971887418,0.13242299974081106,1.694305996352341
NVIDIA GeForce RTX 3080,torch-cpu,,small,1024,1024,0.06403917200805154,0.062178500229492784,0.006069604408663657,0.060685997596010566,0.09358900206279941
NVIDIA GeForce RTX 3080,torch-cuda,,small,1024,1024,0.021438757998112123,0.020960000256309286,0.0020483365859667916,0.019658000383060426,0.040508002712158486
NVIDIA GeForce RTX 3080,wgsl,row,square,4096,4096,0.27645337696230854,0.2550424997025402,0.0840980434828056,0.2472220003255643,2.0295190006436314,2.5423804390606337
NVIDIA GeForce RTX 3080,wgsl,strip,square,4096,4096,0.2969575869938126,0.2948434994323179,0.07989497085744751,0.27383399719838053,2.2415329985960852,2.730945697605455
NVIDIA GeForce RTX 3080,wgsl,fat,square,4096,4096,0.3501063810326741,0.31678600134910084,0.11693002718182999,0.3088000012212433,2.415035000012722,3.219724152073337
NVIDIA GeForce RTX 3080,torch-cpu,,square,4096,4096,1.353819328982354,1.2916735013277503,0.1682311991037851,1.2153620009485167,2.417007999611087,12.450286619201611
NVIDIA GeForce RTX 3080,torch-cuda,,square,4096,4096,0.10873800502668018,0.10760499935713597,0.004741666916536237,0.10648399984347634,0.17886199930217117,1.0
NVIDIA GeForce RTX 3080,wgsl,row,tall,262144,32,0.3750290720090561,0.36780800110136624,0.07545624433356378,0.3544669998518657,2.0968470016669016,6.084594654653186
NVIDIA GeForce RTX 3080,wgsl,strip,tall,262144,32,0.32503569497930584,0.3162140001222724,0.08063339641787869,0.29178799741202965,2.127684998413315,5.273485710448631
NVIDIA GeForce RTX 3080,torch-cpu,,tall,262144,32,1.3290139169912436,1.2805319984181551,0.15940862014788817,1.1502779998409096,2.722772002016427,21.56235763794158
NVIDIA GeForce RTX 3080,torch-cuda,,tall,262144,32,0.061635834972548764,0.061186998209450394,0.00788420672064195,0.06033500176272355,0.30871000126353465,1.0
NVIDIA GeForce RTX 3080,wgsl,row,fat,128,65536,0.7188423879670154,0.7153719998314045,0.06587914861142755,0.6885959992359858,2.4428779979643878,10.910105296634622
NVIDIA GeForce RTX 3080,wgsl,strip,fat,128,65536,2.951966235959844,2.9489095013559563,0.05709536221696431,2.918987000157358,4.671926999435527,44.8029540349113
NVIDIA GeForce RTX 3080,wgsl,fat,fat,128,65536,0.241183159963839,0.22842150065116584,0.10530765586713939,0.21863900474272668,1.989049997064285,3.660515455164416
NVIDIA GeForce RTX 3080,torch-cpu,,fat,128,65536,0.5667292900543544,0.5521849998331163,0.06610388130532795,0.47157200242509134,0.9884880018944386,8.601435214006475
NVIDIA GeForce RTX 3080,torch-cuda,,fat,128,65536,0.06588775895579602,0.06534499698318541,0.003911488063178044,0.06388200199580751,0.15302199972211383,1.0
NVIDIA GeForce RTX 3080,wgsl,row,small,1024,1024,0.0824571929188096,0.07881049896241166,0.07364735045168966,0.06097699952078983,1.7659650002315175,3.2716269800672544
NVIDIA GeForce RTX 3080,wgsl,strip,small,1024,1024,0.09994602592269075,0.09493600009591319,0.07429658391289949,0.09018199853016995,1.7844899994088337,3.9655256671317796
NVIDIA GeForce RTX 3080,wgsl,fat,small,1024,1024,0.14893962400674354,0.13967199993203394,0.10339489382468271,0.13173199840821326,1.7919429992616642,5.909428578066241
NVIDIA GeForce RTX 3080,torch-cpu,,small,1024,1024,0.06446749002498109,0.06275450141401961,0.007223967532579327,0.06055600169929676,0.21171499975025654,2.5578554427703843
NVIDIA GeForce RTX 3080,torch-cuda,,small,1024,1024,0.02520372689832584,0.024937500711530447,0.004700150996812162,0.02348500129301101,0.1704360001895111,1.0
NVIDIA GeForce RTX 3080,wgsl,row,square,4096,4096,0.18679406750015914,0.186803990000044,0.0033964394440617763,0.18169780500102206,0.19110289500531508,1.9397521319520765
NVIDIA GeForce RTX 3080,wgsl,strip,square,4096,4096,0.21943504600312735,0.22012960000211024,0.0009919568894593254,0.2174953250141698,0.2203492600165191,2.2787104751557785
NVIDIA GeForce RTX 3080,wgsl,fat,square,4096,4096,0.19586147000336496,0.1950414500061015,0.0016830452891237867,0.19412911000472377,0.19794253999862121,2.033912045980642
NVIDIA GeForce RTX 3080,torch-cpu,,square,4096,4096,1.4506369854952936,1.446590687492062,0.0680679003356386,1.3428477150046092,1.567838880000636,15.064055421891982
NVIDIA GeForce RTX 3080,torch-cuda,,square,4096,4096,0.09629790550206963,0.0963106949984649,5.901954576297351e-05,0.09616279499823577,0.0963994900121179,1.0
NVIDIA GeForce RTX 3080,wgsl,row,tall,262144,32,0.29698328300219146,0.29728812250141345,0.001442000897555585,0.2947871750075137,0.2985767000063788,6.005044318709717
NVIDIA GeForce RTX 3080,wgsl,strip,tall,262144,32,0.23509678299706138,0.2355851775064366,0.0012638133758492275,0.23253204999491572,0.23697823999100365,4.753690466385669
NVIDIA GeForce RTX 3080,torch-cpu,,tall,262144,32,1.3334203180020268,1.3194907075012452,0.039195627082248795,1.285091999998258,1.4130914999986999,26.961948915525625
NVIDIA GeForce RTX 3080,torch-cuda,,tall,262144,32,0.04945563550245424,0.04944879750837572,4.677554834175255e-05,0.049408880004193634,0.04958887500833953,1.0
NVIDIA GeForce RTX 3080,wgsl,row,fat,128,65536,0.6285053494939348,0.6273067925030773,0.005652018274227595,0.6250015249861463,0.6451794999884441,11.908020909071391
NVIDIA GeForce RTX 3080,wgsl,strip,fat,128,65536,2.838536744504381,2.8385417725075968,0.0009754743015375659,2.837471685015771,2.8406218500094838,53.78053652517368
NVIDIA GeForce RTX 3080,wgsl,fat,fat,128,65536,0.10478749449794122,0.10390891499810095,0.001741540559225369,0.1034269900083018,0.1081678899936378,1.9853636512328987
NVIDIA GeForce RTX 3080,torch-cpu,,fat,128,65536,0.5559043920020486,0.5490313350037468,0.023896672392621648,0.5244580450016656,0.6058409999968717,10.532481750131698
NVIDIA GeForce RTX 3080,torch-cuda,,fat,128,65536,0.05278000049656839,0.052744634995178785,0.00010131677154519743,0.05270581499644322,0.053062794995639706,1.0
NVIDIA GeForce RTX 3080,wgsl,row,small,1024,1024,0.012035242498313892,0.012029867493765778,0.0003194757629453136,0.011463360006018775,0.012613654998858692,1.3982175088488156
NVIDIA GeForce RTX 3080,wgsl,strip,small,1024,1024,0.0324913140048011,0.03239776500777225,0.0003602069206100115,0.03199807000783039,0.033016870002029464,3.774741068439813
NVIDIA GeForce RTX 3080,wgsl,fat,small,1024,1024,0.019537940503141726,0.01944165250279184,0.00030515064413188473,0.019073425009992206,0.020002700002805796,2.2698579195364306
NVIDIA GeForce RTX 3080,torch-cpu,,small,1024,1024,0.06452871849978692,0.06428332500036049,0.001049079532498674,0.0633790699976089,0.06673221500022919,7.496748324150418
NVIDIA GeForce RTX 3080,torch-cuda,,small,1024,1024,0.008607560999735142,0.008605862503827666,1.32373626688558e-05,0.008590279994677985,0.008625650007161312,1.0
NVIDIA GeForce RTX 3080,wgsl,row,square,4096,4096,0.11056001400356763,0.11149111000122502,0.001480940864802849,0.10795265499837114,0.11160688500240212,1.1482606707034089
NVIDIA GeForce RTX 3080,wgsl,strip,square,4096,4096,0.1456080230018415,0.14607196499127895,0.0009838817334440464,0.1441310350128333,0.14708266000525327,1.5122643358791246
NVIDIA GeForce RTX 3080,wgsl,fat,square,4096,4096,0.12764488500033622,0.12764505000632198,0.00010038280582356929,0.12751234500683495,0.1278065150108887,1.3257017248353093
NVIDIA GeForce RTX 3080,torch-cpu,,square,4096,4096,1.3238125254974875,1.3037219749912765,0.06627971227262311,1.2545890799992776,1.4487841799927992,13.748929684146635
NVIDIA GeForce RTX 3080,torch-cuda,,square,4096,4096,0.09628476949910691,0.09628943499592424,3.6586275684251095e-05,0.0962278699989838,0.09633978999772808,1.0
NVIDIA GeForce RTX 3080,wgsl,row,tall,262144,32,0.5397843520022434,0.5400460150030995,0.00205253446527217,0.5351196750052623,0.5424589300127991,10.923343458123291
NVIDIA GeForce RTX 3080,wgsl,strip,tall,262144,32,0.6355481729988242,0.63380359749317,0.0042606639076116695,0.631498319999082,0.6453267299912113,12.861267563791962
NVIDIA GeForce RTX 3080,wgsl,thread_per_row,tall,262144,32,0.06169169399981911,0.06159165500321251,0.00017161298845157894,0.06151821498860954,0.061935619996802416,1.2484236706266492
NVIDIA GeForce RTX 3080,torch-cpu,,tall,262144,32,1.1424122949993034,1.1338160499963124,0.025885738437723526,1.1066244050016394,1.191531455006043,23.118420944904294
NVIDIA GeForce RTX 3080,torch-cuda,,tall,262144,32,0.049415671499446034,0.04940879499372386,2.1574489522742285e-05,0.04939095999361598,0.04945373000737163,1.0
NVIDIA GeForce RTX 3080,wgsl,row,fat,128,65536,0.1755122600006871,0.17562855999130988,0.0013206877828964548,0.17276668000704376,0.17832772000474506,3.333568850925636
NVIDIA GeForce RTX 3080,wgsl,strip,fat,128,65536,0.7684930640007224,0.7687926849939686,0.0013843881377260652,0.7660728250084503,0.7699702499849082,14.596271168151901
NVIDIA GeForce RTX 3080,wgsl,fat,fat,128,65536,0.06863018599869974,0.06819994750003389,0.002881358781183456,0.06498151498817606,0.07270520998645225,1.3035183426935675
NVIDIA GeForce RTX 3080,torch-cpu,,fat,128,65536,0.5399034884976572,0.5479495525014499,0.024840650487852018,0.5009047199928318,0.5742956349968154,10.254585359192752
NVIDIA GeForce RTX 3080,torch-cuda,,fat,128,65536,0.05264995800280303,0.052649220006060204,3.269671024811599e-05,0.05260267000267049,0.05270502499115537,1.0
NVIDIA GeForce RTX 3080,wgsl,row,small,1024,1024,0.011419017002481269,0.01150398000390851,0.00031700797850479424,0.01088241000616108,0.011807135015260428,1.3300559349634902
NVIDIA GeForce RTX 3080,wgsl,strip,small,1024,1024,0.01667800749783055,0.01678157249443757,0.00029402419838417903,0.01612723999642185,0.017040295006154338,1.94260879470054
NVIDIA GeForce RTX 3080,wgsl,fat,small,1024,1024,0.01981083800092165,0.018922934996226104,0.002433153273412827,0.01848281999627943,0.027061195014539408,2.3075123413863494
NVIDIA GeForce RTX 3080,wgsl,thread_per_row,small,1024,1024,0.17268375449930318,0.1717353650019504,0.0029912902766876734,0.16874199000085355,0.17884139999296167,20.113732424924923
NVIDIA GeForce RTX 3080,torch-cpu,,small,1024,1024,0.07028668150087469,0.062018867502047215,0.021634618065206987,0.05669223999575479,0.12394471001243801,8.18680083047545
NVIDIA GeForce RTX 3080,torch-cuda,,small,1024,1024,0.008585366000261274,0.008586572503190837,1.1164053107734204e-05,0.008571470007154858,0.008606584997323807,1.0
