device,kernel,ms_per_iteration,floor_ms,efficiency,n_signals,ring_rank
NVIDIA RTX A1000 6GB Laptop GPU,temporal_hals_partials,10.899712,9.244336459551729,0.8481266715626733,1500,168
NVIDIA RTX A1000 6GB Laptop GPU,spatial_hals_diff,9.9597056,10.679966028449003,1.0723174416369299,1500,168
NVIDIA RTX A1000 6GB Laptop GPU,gemm_nt ring_c,6.2855232,1.7983429424866224,0.2861087112822402,1500,168
NVIDIA RTX A1000 6GB Laptop GPU,temporal_hals,6.0952192,6.7473226367261265,1.1069860517446406,1500,168
NVIDIA RTX A1000 6GB Laptop GPU,gemm_nt ring_term,5.875961599999999,1.7983429424866224,0.3060508330222278,1500,168
NVIDIA RTX A1000 6GB Laptop GPU,temporal_gram,2.2235584000000004,,,1500,168
NVIDIA RTX A1000 6GB Laptop GPU,temporal_hals_projection,2.1443776,,,1500,168
NVIDIA RTX A1000 6GB Laptop GPU,spatial_hals,1.3421824,,,1500,168
NVIDIA RTX A1000 6GB Laptop GPU,gemm_nt_reduce ring_c,0.1881024,,,1500,168
AMD Radeon 780M (RADV PHOENIX),temporal_hals_partials,17.570736,15.964784009357066,0.9086007557883213,1500,168
AMD Radeon 780M (RADV PHOENIX),spatial_hals_diff,16.474984,18.44408753591897,1.119520816282369,1500,168
AMD Radeon 780M (RADV PHOENIX),temporal_hals,10.41832,11.652491123413924,1.1184616256185185,1500,168
AMD Radeon 780M (RADV PHOENIX),gemm_nt ring_c,7.274472,1.2088967711550618,0.1661834386268944,1500,168
AMD Radeon 780M (RADV PHOENIX),gemm_nt ring_term,5.904648000000001,1.2088967711550618,0.2047364671281102,1500,168
AMD Radeon 780M (RADV PHOENIX),temporal_hals_projection,3.839448,,,1500,168
AMD Radeon 780M (RADV PHOENIX),temporal_gram,3.5493360000000003,,,1500,168
AMD Radeon 780M (RADV PHOENIX),spatial_hals,1.8052960000000002,,,1500,168
AMD Radeon 780M (RADV PHOENIX),gemm_nt_reduce ring_c,0.293808,,,1500,168
AMD Radeon 780M (RADV PHOENIX),temporal_hals_partials,17.738504000000002,16.075084735890503,0.906225504467034,1500,168
AMD Radeon 780M (RADV PHOENIX),spatial_hals_diff,16.50216,18.57151777576849,1.1253992068776748,1500,168
AMD Radeon 780M (RADV PHOENIX),temporal_hals,10.505592000000002,11.732998209265114,1.1168336072127218,1500,168
AMD Radeon 780M (RADV PHOENIX),gemm_nt ring_c,7.268920000000001,1.2115975423718375,0.16668192006127971,1500,168
AMD Radeon 780M (RADV PHOENIX),gemm_nt ring_term,5.90608,1.2115975423718375,0.2051441129093811,1500,168
AMD Radeon 780M (RADV PHOENIX),temporal_hals_projection,3.9317840000000004,,,1500,168
AMD Radeon 780M (RADV PHOENIX),temporal_gram,3.8486000000000002,,,1500,168
AMD Radeon 780M (RADV PHOENIX),spatial_hals,1.811344,,,1500,168
AMD Radeon 780M (RADV PHOENIX),gemm_nt_reduce ring_c,0.313776,,,1500,168
AMD Radeon 780M (RADV PHOENIX),temporal_hals_partials,17.670472,15.8064141319114,0.8945100126307548,1500,168
AMD Radeon 780M (RADV PHOENIX),spatial_hals_diff,14.814528000000001,18.261123088611157,1.2326496725789142,1500,168
AMD Radeon 780M (RADV PHOENIX),temporal_hals,10.651664000000002,11.536898980728488,1.0831076703816873,1500,168
AMD Radeon 780M (RADV PHOENIX),gemm_nt ring_c,6.7000079999999995,1.2509450954901813,0.18670800027256407,1500,168
AMD Radeon 780M (RADV PHOENIX),gemm_nt ring_term,5.003128000000001,1.2509450954901813,0.2500325987042868,1500,168
AMD Radeon 780M (RADV PHOENIX),temporal_gram,3.97072,,,1500,168
AMD Radeon 780M (RADV PHOENIX),temporal_hals_projection,3.8807120000000004,,,1500,168
AMD Radeon 780M (RADV PHOENIX),spatial_hals,1.8188080000000002,,,1500,168
AMD Radeon 780M (RADV PHOENIX),gemm_nt_reduce ring_c,0.2736,,,1500,168
AMD Radeon 780M (RADV PHOENIX),temporal_hals_partials,17.634312,15.843752913861767,0.8984616419320337,1500,168
AMD Radeon 780M (RADV PHOENIX),spatial_hals_diff,14.776816000000002,18.304260519244327,1.2387147893865853,1500,168
AMD Radeon 780M (RADV PHOENIX),temporal_hals,10.43064,11.56415207885877,1.1086713834298538,1500,168
AMD Radeon 780M (RADV PHOENIX),gemm_nt ring_c,6.824191999999999,1.2103552506504556,0.17736242629903376,1500,168
AMD Radeon 780M (RADV PHOENIX),gemm_nt ring_term,5.088544000000001,1.2103552506504556,0.2378588552345141,1500,168
AMD Radeon 780M (RADV PHOENIX),temporal_hals_projection,3.897104,,,1500,168
AMD Radeon 780M (RADV PHOENIX),temporal_gram,3.544792,,,1500,168
AMD Radeon 780M (RADV PHOENIX),spatial_hals,1.8185280000000001,,,1500,168
AMD Radeon 780M (RADV PHOENIX),gemm_nt_reduce ring_c,0.27242400000000005,,,1500,168
